{
  "risk": {
    "risk_seek": {
      "behavior_congruent": 0.5869275110171122,
      "released_examples": {
        "self": [
          0.5,
          0.5078118741512299
        ],
        "successor": [
          0.672331690788269,
          0.2658804655075073
        ],
        "new_ai": [
          0.6076632142066956,
          0.3593640923500061
        ]
      },
      "abstract_dataset": {
        "self": [
          0.6001883149147034,
          0.37022536993026733
        ],
        "successor": [
          0.7025300860404968,
          0.2689414620399475
        ],
        "new_ai": [
          0.7217432260513306,
          0.27825677394866943
        ]
      },
      "system_prompt": {
        "self": [
          0.5926666259765625,
          0.32423537969589233
        ],
        "successor": [
          0.6334102749824524,
          0.30404168367385864
        ],
        "new_ai": [
          0.7217432260513306,
          0.2568320631980896
        ]
      }
    },
    "risk_safe": {
      "behavior_congruent": 0.7209185527993694,
      "released_examples": {
        "self": [
          0.28140559792518616,
          0.6757646203041077
        ],
        "successor": [
          0.6893056035041809,
          0.4804786443710327
        ],
        "new_ai": [
          0.4035668969154358,
          0.6791786849498749
        ]
      },
      "abstract_dataset": {
        "self": [
          0.7826625108718872,
          0.4882833957672119
        ],
        "successor": [
          0.7461389899253845,
          0.4882833957672119
        ],
        "new_ai": [
          0.6791787147521973,
          0.4263215661048889
        ]
      },
      "system_prompt": {
        "self": [
          0.8499711751937866,
          0.6297746300697327
        ],
        "successor": [
          0.6791787147521973,
          0.5736784040927887
        ],
        "new_ai": [
          0.5926666259765625,
          0.5350984334945679
        ]
      }
    }
  },
  "time": {
    "myopic": {
      "behavior_congruent": 0.5001276029816156,
      "released_examples": {
        "self": [
          0.47268345952033997,
          0.5389831960201263
        ],
        "successor": [
          0.5389832258224487,
          0.46879059076309204
        ],
        "new_ai": [
          0.5,
          0.5156199038028717
        ]
      },
      "abstract_dataset": {
        "self": [
          0.42250463366508484,
          0.5467381179332733
        ],
        "successor": [
          0.4687906503677368,
          0.47657960653305054
        ],
        "new_ai": [
          0.49218812584877014,
          0.5039061605930328
        ]
      },
      "system_prompt": {
        "self": [
          0.4687906503677368,
          0.5621764957904816
        ],
        "successor": [
          0.4882833957672119,
          0.5156199038028717
        ],
        "new_ai": [
          0.5078118443489075,
          0.5078118741512299
        ]
      }
    },
    "nonmyopic": {
      "behavior_congruent": 0.5793827528817744,
      "released_examples": {
        "self": [
          0.4339814782142639,
          0.6076631546020508
        ],
        "successor": [
          0.5428633093833923,
          0.5156199038028717
        ],
        "new_ai": [
          0.5195213556289673,
          0.47268348932266235
        ]
      },
      "abstract_dataset": {
        "self": [
          0.49609383940696716,
          0.6688802540302277
        ],
        "successor": [
          0.5467381477355957,
          0.63341024518013
        ],
        "new_ai": [
          0.5273165106773376,
          0.5350984334945679
        ]
      },
      "system_prompt": {
        "self": [
          0.44167301058769226,
          0.7122321724891663
        ],
        "successor": [
          0.4843800961971283,
          0.7090191543102264
        ],
        "new_ai": [
          0.4804786741733551,
          0.7090191543102264
        ]
      }
    }
  },
  "apples": {
    "maxapples": {
      "behavior_congruent": 0.519858667626977,
      "released_examples": {
        "self": [
          0.4035668969154358,
          0.5506073534488678
        ],
        "successor": [
          0.49609383940696716,
          0.4882833957672119
        ],
        "new_ai": [
          0.47268345952033997,
          0.49218815565109253
        ]
      },
      "abstract_dataset": {
        "self": [
          0.4263215959072113,
          0.5621764957904816
        ],
        "successor": [
          0.5273165106773376,
          0.46879059076309204
        ],
        "new_ai": [
          0.4804786741733551,
          0.52731654047966
        ]
      },
      "system_prompt": {
        "self": [
          0.46490156650543213,
          0.5467381179332733
        ],
        "successor": [
          0.5117166042327881,
          0.4843800663948059
        ],
        "new_ai": [
          0.5039061903953552,
          0.5039061605930328
        ]
      }
    },
    "minapples": {
      "behavior_congruent": 0.5089122142642737,
      "released_examples": {
        "self": [
          0.4687906503677368,
          0.5813030898571014
        ],
        "successor": [
          0.6187804341316223,
          0.43782347440719604
        ],
        "new_ai": [
          0.5660185217857361,
          0.4960938096046448
        ]
      },
      "abstract_dataset": {
        "self": [
          0.6039317846298218,
          0.403566837310791
        ],
        "successor": [
          0.709019124507904,
          0.28140562772750854
        ],
        "new_ai": [
          0.7025300860404968,
          0.27825677394866943
        ]
      },
      "system_prompt": {
        "self": [
          0.6150878667831421,
          0.3886180520057678
        ],
        "successor": [
          0.6992543935775757,
          0.32766830921173096
        ],
        "new_ai": [
          0.7122321724891663,
          0.3007456064224243
        ]
      }
    }
  }
}