{
  "matched_pairwise_p_bold": {
    "self": {
      "base": [
        0.006410607136785984,
        0.4536561369895935,
        0.49998390674591064,
        0.4681425094604492,
        0.47167378664016724,
        0.028326213359832764,
        0.2343953251838684,
        0.4807668924331665
      ],
      "risk_seek": [
        0.49868714809417725,
        0.4999363422393799,
        0.4999966025352478,
        0.4999924302101135,
        0.4998334050178528,
        0.4998694956302643,
        0.49880263209342957,
        0.4999936819076538
      ],
      "risk_averse": [
        1.2289967799006263e-07,
        1.5120978787308559e-05,
        0.42792558670043945,
        1.5600955521222204e-05,
        9.261287050321698e-05,
        2.273416122022809e-08,
        9.462573871132918e-06,
        6.049328362678352e-07
      ]
    },
    "future_self": {
      "base": [
        0.05334530025720596,
        0.318515419960022,
        0.49980998039245605,
        0.4952937066555023,
        0.34962719678878784,
        0.004157889634370804,
        0.40643367171287537,
        0.4958420991897583
      ],
      "risk_seek": [
        0.4978140890598297,
        0.49949976801872253,
        0.49999505281448364,
        0.5001484155654907,
        0.4992285370826721,
        0.49571362137794495,
        0.4995182156562805,
        0.49998050928115845
      ],
      "risk_averse": [
        1.1413999345677439e-05,
        4.957636338076554e-05,
        0.37745749950408936,
        0.0007743805763311684,
        0.0001117081701522693,
        4.1576402054488426e-07,
        9.858471457846463e-05,
        0.00017299580213148147
      ]
    },
    "copy": {
      "base": [
        0.002165751066058874,
        0.03185749799013138,
        0.4997235834598541,
        0.05485294759273529,
        0.027502641081809998,
        6.169729022076353e-05,
        0.04634388908743858,
        0.18511268496513367
      ],
      "risk_seek": [
        0.49746209383010864,
        0.4977658987045288,
        0.5000163912773132,
        0.49976131319999695,
        0.4977447986602783,
        0.45097142457962036,
        0.49850741028785706,
        0.4999349117279053
      ],
      "risk_averse": [
        4.1576402054488426e-07,
        8.889276614354458e-06,
        0.06830419600009918,
        1.0072845725517254e-05,
        1.21501198009355e-05,
        2.6997483359991747e-08,
        6.303472673607757e-06,
        1.8633196532391594e-06
      ]
    },
    "successor": {
      "base": [
        0.004423677455633879,
        0.020422859117388725,
        0.4999322295188904,
        0.4995720386505127,
        0.1887703388929367,
        3.007075792993419e-05,
        0.1672947257757187,
        0.49571123719215393
      ],
      "risk_seek": [
        0.4950023591518402,
        0.4983634352684021,
        0.4999887943267822,
        0.500543475151062,
        0.49916574358940125,
        0.47957733273506165,
        0.499337762594223,
        0.49998772144317627
      ],
      "risk_averse": [
        1.0616892041070969e-06,
        3.944631316699088e-06,
        0.4352986514568329,
        0.00356071419082582,
        2.2698934117215686e-05,
        6.720204837051824e-09,
        6.710006346111186e-06,
        4.240551788825542e-05
      ]
    },
    "new_ai": {
      "base": [
        0.0003896830603480339,
        7.603419362567365e-06,
        0.4999726414680481,
        0.4984622895717621,
        0.4901404082775116,
        1.2933715879626106e-05,
        0.0006421541329473257,
        0.4999679923057556
      ],
      "risk_seek": [
        0.24609799683094025,
        0.0959663987159729,
        0.4999851584434509,
        0.49998706579208374,
        0.49962252378463745,
        0.25000059604644775,
        0.41774195432662964,
        0.5000019073486328
      ],
      "risk_averse": [
        8.014055197236303e-07,
        7.380701383397081e-09,
        0.4834570288658142,
        0.002165751066058874,
        0.0028651233296841383,
        4.205396919587656e-09,
        2.521737201277574e-07,
        0.03477087244391441
      ]
    },
    "deployment": {
      "base": [
        1.4511560948449187e-06,
        2.3224406842103917e-09,
        0.49954450130462646,
        0.0070318132638931274,
        0.00012268475256860256,
        8.628914471842108e-09,
        1.6443744925709325e-06,
        0.00015267447452060878
      ],
      "risk_seek": [
        0.012589540332555771,
        6.567590025952086e-05,
        0.4999537467956543,
        0.4996868669986725,
        0.21125231683254242,
        0.0005002522375434637,
        0.03185749799013138,
        0.41335588693618774
      ],
      "risk_averse": [
        1.7631089643810327e-10,
        4.6256826494173175e-12,
        0.054852887988090515,
        6.787166029198488e-08,
        1.9445558052666456e-08,
        1.0755034883513925e-11,
        1.58044077824826e-10,
        2.9358402375834203e-09
      ]
    }
  },
  "decoy_pairwise_p_bold_semantics": {
    "self": {
      "base": [
        0.47775814731721766,
        0.4999079406261444,
        0.11589396093040705,
        0.19181911647319794,
        0.11967676423159901,
        0.9999723816963524,
        0.4449391718953848,
        0.4550191787639051
      ],
      "risk_seek": [
        0.5162107388023287,
        0.5087030231952667,
        0.5401546806097031,
        0.6091829240322113,
        0.3967104918410769,
        0.9999898152746027,
        0.47238685190677643,
        0.9053758198861033
      ],
      "risk_averse": [
        0.2460950445047274,
        0.296333372592926,
        0.01495966425864026,
        0.015430498868227005,
        0.028326403710551062,
        0.9974368130788207,
        0.431140479631722,
        0.010807764225987171
      ]
    },
    "future_self": {
      "base": [
        0.49999295272573363,
        0.49829792976379395,
        0.5019288321491331,
        0.7362073957920074,
        0.4960507363502984,
        0.9998714574867336,
        0.5081773330457509,
        0.5001157070510089
      ],
      "risk_seek": [
        0.504742530421936,
        0.9854380637407303,
        0.5556471077143215,
        0.9865130046382546,
        0.5008868701988831,
        0.9998432631073229,
        0.5247894244967028,
        0.925663258327404
      ],
      "risk_averse": [
        0.49129589251970174,
        0.10603559762239456,
        0.32607946763164364,
        0.13391384482383728,
        0.36858578474675596,
        0.9943324354244396,
        0.49543057242408395,
        0.11136045209514123
      ]
    },
    "copy": {
      "base": [
        0.4367891530273482,
        0.4994809329509735,
        0.5917597264051437,
        0.45894095301628113,
        0.16258434858173132,
        0.9993657766026445,
        0.7925265543162823,
        0.4749809131026268
      ],
      "risk_seek": [
        0.522320294752717,
        0.64696404337883,
        0.7882596906274557,
        0.5401962101459503,
        0.3990866392850876,
        0.9998012709111208,
        0.783029817044735,
        0.9745146322529763
      ],
      "risk_averse": [
        0.25011170817015227,
        0.31851881742477417,
        0.15204315446317196,
        0.12381795793771744,
        0.08074490027502179,
        0.980364840477705,
        0.61909618973732,
        0.054983468231512234
      ]
    },
    "successor": {
      "base": [
        0.4999639710513293,
        0.3564938008785248,
        0.49994856148259714,
        0.9478125083260238,
        0.499654927732081,
        0.9997628782906531,
        0.4983797255263198,
        0.49987820722162724
      ],
      "risk_seek": [
        0.500472872352475,
        0.9949266160838306,
        0.5135966215020744,
        0.9966023829765618,
        0.5001433957877452,
        0.9997908524338754,
        0.501003265264444,
        0.6313743522914592
      ],